name,age
Sharon Rogers,24
Victor Phillips,25
Pamela Butler,21
Barbara Moore,30
Angela Roberts,23
Teresa Barnes,25
Frank Parker,20
Laura Hall,25
Brandon Patterson,29
Gregory Lopez,25
Amy Bennett,25
Christine Robinson,29
Wayne Brooks,29
Fred Murphy,22
Beverly Stewart,30
Tina Sanders,28
Felienne Hermans,28
Christopher Williams,24
Anthony Jenkins,20
Joseph Howard,27
Sandra Sanchez,21
Nancy Bryant,20
Albert Ross,20
Janice Hughes,29
Mildred Powell,22
Justin King,27
Ruby Jones,27
Emily Kelly,21
Billy Lee,21
Lillian Allen,24
Shirley Evans,23
Elizabeth Morgan,28
Debra Diaz,24
Betty Rivera,22
Alan Cook,20
Jeremy Martinez,25
Ronald Young,23
Annie Long,22
Christina Thompson,20
Theresa Mitchell,26
Margaret Clark,28
Carlos Watson,29
Jack Russell,26
Patricia Perez,27
Kelly Davis,23
Bruce Ward,21
Joe Reed,24
Kathleen Foster,27
Carolyn Edwards,21
Bonnie Lewis,24
