name,age,city,gender
Sharon Rogers,24,Amsterdam,Female
Victor Phillips,25,Belgrade,Male
Pamela Butler,21,Cairo,Female
Barbara Moore,30,Toronto,Female
Angela Roberts,23,Shanghai,Female
Teresa Barnes,25,Paris,Female
Frank Parker,20,San Francisco,Male
Laura Hall,25,New Delhi,Female
Brandon Patterson,29,Sydney,Male
Gregory Lopez,25,Rio de Janeiro,Male
Amy Bennett,25,Amsterdam,Female
Christine Robinson,29,Belgrade,Female
Wayne Brooks,29,Cairo,Male
Fred Murphy,22,Toronto,Male
Beverly Stewart,30,Amsterdam,Female
Tina Sanders,28,Belgrade,Female
Felienne Hermans,28,Toronto,Female
Christopher Williams,24,New Delhi,Male
Anthony Jenkins,20,Sydney,Male
Joseph Howard,27,Cairo,Male
Sandra Sanchez,21,Amsterdam,Female
Nancy Bryant,20,Belgrade,Female
Albert Ross,20,Cairo,Male
Janice Hughes,29,Toronto,Female
Mildred Powell,22,Shanghai,Male
Justin King,27,Paris,Male
Ruby Jones,27,San Francisco,Female
Emily Kelly,21,New Delhi,Female
Billy Lee,21,Sydney,Male
Lillian Allen,24,Rio de Janeiro,Female
Shirley Evans,23,Amsterdam,Female
Elizabeth Morgan,28,Belgrade,Female
Debra Diaz,24,Cairo,Female
Betty Rivera,22,Toronto,Female
Alan Cook,20,Shanghai,Male
Jeremy Martinez,25,Cairo,Male
Ronald Young,23,Amsterdam,Male
Annie Long,22,Toronto,Female
Christina Thompson,20,Sydney,Female
Theresa Mitchell,26,Rio de Janeiro,Female
Margaret Clark,28,Amsterdam,Female
Carlos Watson,29,Belgrade,Male
Jack Russell,26,Cairo,Male
Patricia Perez,27,Toronto,Female
Kelly Davis,23,Shanghai,Male
Bruce Ward,21,Paris,Male
Joe Reed,24,San Francisco,Male
Kathleen Foster,27,Belgrade,Female
Carolyn Edwards,21,Sydney,Female
Bonnie Lewis,24,Amsterdam,Female
